城市,市场名称
北京,北京市旧机动车交易市场(花乡)
北京,北京亚运村二手车交易市场
北京,北京中联旧机动车交易市场
北京,北京东方旧机动车交易市场
北京,北京顺义顺潮东旧机动车市场
北京,北京欧德宝汽车城二手车市场
北京,北京新发地旧机动车市场
天津,天津空港二手车市场
天津,天津欧雅二手车市场
天津,天津市旧机动车市场
天津,天津市王兰庄二手车市场
邢台,邢台市旧车交易市场
邯郸,邯郸市锐通旧机动车交易市场
张家口,远大二手车交易中心
沧州,沧州市旧机动车交易中心
衡水,宝通二手车交易市场
秦皇岛,北环旧机动车交易市场
唐山,吉祥二手车市场
保定,保定市旧机动车交易市场
石家庄,石家庄旧机动车交易市场
石家庄,石家庄花乡二手车市场
承德,承德市二手车交易市场
郑州,路路通
郑州,二手车老市场
洛阳,惠通二手车交易市场
洛阳,林安二手车交易市场
洛阳,洛阳市旧机动车交易市场
新乡,新乡旧机动车交易市场
焦作,焦作市恒桥旧机动车交易市场
濮阳,濮阳六联机动车交易市场
安阳,安阳旧机动车交易市场
商丘,商丘310二手车交易市场
许昌,许昌旧机动车交易市场
漯河,漯河机动车交易市场
信阳,信阳旧机动车交易市场
南阳,南阳旧机动车交易市场
合肥市,长江西路二手车市场
合肥市,国际汽车城世联汽车交易市场
合肥市,安徽旧机动车交易市场
淮南市,安成铺二手车市场
淮南市,天恒二手车市场
淮南市,东之星二手车市场
蚌埠市,万方水晶城南门车行
阜阳市,阜骏二手车市场
安庆市,集贤二手车市场
六安市,六安二手车市场
芜湖市,亚夏汽车交易市场
南宁市,广西二手车交易市场
南宁市,广隆二手车交易市场
南宁市,金桥二手车交易市场
南宁市,东盟二手车交易市场
柳州市,保利捷二手车市场
柳州市,风驰二手车市场
钦州市,喜悦二手车交易市场
贵阳市,金阳二手车市场
贵阳市,合朋二手车市场
遵义市,马栏坝二手车（路上门面）
安顺市,货场路上（路上门面）
六盘水市,场坝二手车（路上门面）
黔西南地区,兴义二手车市场
盘县,干沟桥底（路上门面）
武汉,汉西二手车交易市场
武汉,竹叶山二手车交易市场
武汉,绅宝二手车交易市场
襄阳,华港鑫二手车交易市场
襄阳,天一二手车交易市场
襄阳,马跃檀溪二手车交易市场
宜昌,三峡旧机动车车交易市场
宜昌,万民二手车交易市场
宜昌,宜洋二手车交易市场
黄石,黄石二手车交易市场
十堰,安龙二手车交易市场
孝感,孝感二手车交易市场
随州,随州市二手车经营协会
荆门,万里二手车交易市场
荆州,荆州二手车交易市场
潜江,荆州二手车交易市场
仙桃,仙桃二手车交易市场
长沙,中南汽车世界二手车市场
长沙,长沙市四星二手车市场
长沙,大河西二手汽车城
邵阳,邵阳市大汉二手车交易市场
湘潭,湘潭二手车市场
湘潭,湘潭市汽车城
株洲,株洲谊天二手车市场
岳阳,岳阳市中南二手车市场
娄底,娄底市二手车市场
吉首,吉首二手车市场
张家界,张家界二手车市场
怀化,怀化二手车红星南路
怀化,怀化二手车芷江路
郴州,合意二手车市场
郴州,华峰二手车市场（新建）
衡阳,九鼎二手车市场
常德,常德全顺二手车交易市场
益阳,益阳二手车市场
吉安,文峰二手车市场
赣州,赣州二手车市场
上饶,上饶二手车市场
南昌,红谷滩二手车市场
南昌,江西旧机动车交易市场
九江,国际会展中心二手车市场
九江,白水路二手车市场
新余,九鼎汽车大市场
昆明,老车行天下汽车服务广场
昆明,新车行天下国际汽车城
昆明,昆明锦大车市
昆明,云南省二手车市场
昆明,凯旋利车博汇
昆明,查纳维二手车市场
昆明,德尊二手车商贸责任有限公司
昆明,前卫二手车交易市场
楚雄,楚雄州二手车交易市场有限公司
大理,大理二手车交易中心
大理,大理三元二手车交易市场
曲靖,伯通二手车
玉溪,玉溪市二手车交易市场
文山,文山州洪庆二手车交易市场
昭通,昭通金属回收公司旧机动车辆交易中心
普洱,普洱鸿达二手车交易市场
普洱,二手车交易区
西双版纳,西双版纳物资有限责任公司二手车交易市场
西双版纳,旺宏二手车交易市场
厦门,厦门旧机动车市场
福州,海峡汽车文化广场
泉州,优适得二手车市场
泉州,国联二手车市场
泉州,中爵二手车市场
漳州,漳州二手车市场南区
漳州,漳州二手车市场北区
漳州,漳州科能二手车市场
宁德,宁德二手车市场
宁德,鸿朋二手车市场
宁德,宏欣二手车交易市场有限公司
龙岩,天马二手汽车交易市场
晋江,优适得二手车市场
南平,南平二手车市场
深圳,一通七展场
深圳,一通三展场
深圳,百威年二手车市场
深圳,明雅、桃园二手车市场
深圳,大昌行、桃园展厅（合并）
深圳,远望二手车市场
深圳,沙井桃园展厅
东莞,东莞莞兴二手车市场
东莞,东莞新华利二手车交易市场
东莞,东莞联合二手车市场
惠州,惠州焦点二手车市场
惠州,惠州二手车交易市场
佛山,华南汽车城二手车交易市场
佛山,佛山锋景二手车市场
佛山,佛山宝时利二手车交易市场
佛山,佛山宝发二手车交易市场
广州,广骏二手车交易市场
济宁,鲁南二手车交易市场
济宁,济宁振名源二手车交易
菏泽,交通汽车大市场
枣庄,枣庄二手车交易市场
聊城,聊城旧机动车交易中心
威海,鑫通二手车交易市场
威海,中泰二手车交易市场
烟台,集大二手车交易市场
莱阳,瑞源二手车交易市场
莱阳,信德利二手车交易市场
潍坊,金宝二手车交易市场
潍坊,广潍二手车交易市场
淄博,鲁中二手车交易市场
淄博,晟通二手车交易市场
济南,泺口二手车市场
济南,济西二手车市场
青岛,李村大集市场
青岛,陆海二手车市场
青岛,首佳二手车市场
日照,和平二手车市场
日照,凌云二手车市场
德州,德州机动车辆交易市场
德州,德州东岳就机动车辆交易中心
寿光,寿光二手车交易市场
临沂,远通二手车市场
临沂,兰田二手车市场
莱西,裕隆二手车市场
平度,天桥二手车市场
莱州,天天二手车市场
呼和浩特市,亿丰旧机动车交易市场
呼和浩特市,瑞丰旧机动车交易市场
呼和浩特市,惠众达旧机动车交易市场
呼和浩特市,思必达旧机动车交易市场
呼和浩特市,利丰二手车公司
呼和浩特市,名骐二手车公司
呼和浩特市,华远二手车
包头市,虹桥二手车公司
包头市,虹桥二手车九原区分公司
包头市,虹桥二手车团结店
包头市,虹桥二手车昆区公司
包头市,虹桥二手车
包头市,友谊路二手车市场
包头市,团结大街二手车市场
包头市,巴彦塔拉大街二手车市场
鄂尔多斯,三联二手车市场
鄂尔多斯,二手车一条街
太原市,柴村二手车交易市场
太原市,万国旧机动车交易市场
太原市,九风路二手车交易市场
大同,大同晋同鑫二手车交易市场
朔州,朔州泰华二手车交易市场
阳泉,阳泉二手车交易市场
晋中,天舜二手车交易市场
长治,长治旧机动车交易中心
长治,飞扬二手车市场
晋城,长江二手车市场
临汾,临汾百业手车交易市场
临汾,屯里二手车市场
运城,金慧旧车市场
西安,峰泰二手车交易市场
西安,锦途二手车交易市场
西安,吉发二手车交易市场
西安,鱼化二手车交易市场
西安,五龙二手车交易市场
西安,富裕路二手车市场
宝鸡,宝鸡二手车市场
成都,白家二手车市场
绵阳,卓龙二手车市场
绵阳,南鑫二手车市场
成都,安福二手车市场
成都,新都二手车市场
成都,华东二手车市场
成都,红牌楼西部汽车城
眉山,眉山二手车市场
重庆,西部国际汽车城二手车交易市场
重庆,重庆市旧车交易市场
重庆,汽博中心二手车交易市场
重庆,万州二手车交易市场
重庆,
南京,天诚二手车交易市场
南京,南京市旧机动车交易市场
南京,江苏省旧机动车交易市场
南京,中驰二手车交易市场
苏州,苏州旧机动车交易市场
苏州,通源二手车交易市场
苏州,苏城旧机动车交易市场
苏州,昆山华丰汽车城
苏州,东都旧机动车交易市场
苏州,三峰旧机动车交易市场
扬州,旧机动车交易市场
扬州,扬州旧机动车交易市场
扬州,苏鲁旧机动车交易市场
镇江,镇江旧机动车交易市场
泰州,泰州二手车交易中心
泰州,交广二手车交易市场
泰州,永太二手车交易市场
常州,武进二手车交易市场
常州,常州市旧机动车交易市场
常州,苏南旧机动车交易市场
无锡,无锡旧机动车交易市场
无锡,东方旧机动车交易市场
无锡,城南旧机动车交易市场
南通,南通旧机动车交易市场
南通,华都二手车交易市场
盐城,江苏浩通旧机动车交易市场
淮安,淮安二手车交易市场
淮安,镕华二手车交易市场
连云港,顺达二手车交易市场
连云港,连云港旧机动车交易市场
徐州,徐州淮海汽车城
宿迁,苏北二手车交易市场
上海,上海旧机动车交易市场
上海,安亭二手车交易市场
上海,浦东二手车交易市场
上海,百联二手车交易市场
上海,莘庄二手车交易市场
杭州,杭州旧车市场
南京,方林二手车市场
南京,恒通二手车市场
南京,温州市龙湾二手车市场
南京,温州市汽车城二手车市场
苏州,温州车立方二手车市场
苏州,温州永嘉县二手车市场
苏州,温州市瑞安市二手车市场
苏州,金华汽车城二手车市场
苏州,金华市聚宝二手车市场
苏州,永康二手车市场
扬州,义乌二手车市场
扬州,东阳市二手车交易市场
扬州,宁波市海达二手醋和
镇江,宁波市公运二手车交易市场
泰州,宁波市途众二手车市场
泰州,宁波市世纪城二手车交易市场
泰州,宁波市慈溪二手车交易市场
常州,宁波市余姚二手车交易市场
常州,衢州市二手车交易市场
常州,绍兴市汽车城二手车市场
无锡,绍兴市花为媒二手车市场
无锡,绍兴市旧车管所二手车市场
无锡,嘉兴二手车交易市场
南通,嘉兴市金盾二手车市场
南通,湖州市二手车交易市场
南通,舟山市二手车交易市场